City_ID,City,Lat,Lng,Max Temp,Humidity,Cloudiness,Wind Speed,Country,Date
0,ushuaia,-54.8,-68.3,281.94,74,33,1.15,AR,1681499445
1,outjo,-20.1167,16.15,297.97,37,97,5.2,NA,1681499723
2,mount pleasant,32.7941,-79.8626,302.07,73,0,5.66,US,1681499723
3,paramirim,-13.4425,-42.2389,304.39,39,74,3.31,BR,1681499723
4,noumea,-22.2763,166.4572,298.15,99,100,1.43,NC,1681499724
5,mogadishu,2.0371,45.3438,301.32,69,85,6.36,SO,1681499458
6,hilo,19.7297,-155.09,299.42,69,40,4.63,US,1681499262
7,makakilo city,21.3469,-158.0858,299.33,64,20,4.63,US,1681499724
8,nanortalik,60.1432,-45.2371,276.48,69,99,2.71,GL,1681499460
9,srednekolymsk,67.45,153.6833,251.59,97,66,0.9,RU,1681499498
10,hobart,-42.8794,147.3294,281.07,100,40,0.0,AU,1681499449
11,busselton,-33.65,115.3333,287.62,64,86,4.86,AU,1681499448
12,puerto ayora,-0.7393,-90.3518,306.13,85,82,3.58,EC,1681499441
13,salalah,17.0151,54.0924,300.74,73,0,1.25,OM,1681499445
14,praia da vitoria,38.7333,-27.0667,292.29,82,20,8.85,PT,1681499725
15,san quintin,30.4833,-115.95,289.0,61,0,7.05,MX,1681499726
16,albany,42.6001,-73.9662,303.95,28,94,1.62,US,1681499226
17,east london,-33.0153,27.9116,290.5,62,62,8.87,ZA,1681499442
18,pala,9.3642,14.9046,303.58,42,100,2.43,TD,1681499726
19,richards bay,-28.783,32.0377,295.37,56,100,8.46,ZA,1681499726
20,tilichiki,60.4667,166.1,252.68,95,100,4.36,RU,1681499727
21,kaitangata,-46.2817,169.8464,280.49,94,11,2.63,NZ,1681499443
22,arraial do cabo,-22.9661,-42.0278,299.07,89,75,5.66,BR,1681499438
23,rikitea,-23.1203,-134.9692,299.07,73,9,5.72,PF,1681499442
24,hithadhoo,-0.6,73.0833,302.18,71,100,4.97,MV,1681499445
25,constitucion,-35.3333,-72.4167,289.82,76,100,3.89,CL,1681499727
26,new norfolk,-42.7826,147.0587,280.87,97,41,0.65,AU,1681499453
27,celestun,20.8667,-90.4,304.43,52,33,3.77,MX,1681499728
28,pevek,69.7008,170.3133,250.94,94,70,4.21,RU,1681499442
29,sao filipe,14.8961,-24.4956,297.02,77,8,4.3,CV,1681499450
30,roswell,34.0232,-84.3616,294.29,85,75,4.12,US,1681499728
31,hermanus,-34.4187,19.2345,287.97,64,0,2.43,ZA,1681499443
32,kapaa,22.0752,-159.319,298.14,83,75,7.72,US,1681499420
33,mezen,65.8522,44.24,266.74,88,18,3.55,RU,1681499728
34,port elizabeth,-33.918,25.5701,288.32,84,11,2.24,ZA,1681499455
35,youkounkoun,12.5333,-13.1333,311.37,12,8,2.25,GN,1681499729
36,tasiilaq,65.6145,-37.6368,273.54,80,13,1.08,GL,1681499484
37,atuona,-9.8,-139.0333,299.48,73,14,1.37,PF,1681499443
38,aviles,43.5547,-5.9248,287.81,78,40,8.75,ES,1681499729
39,thompson,55.7435,-97.8558,274.9,97,100,3.57,CA,1681499446
40,kulhudhuffushi,6.6221,73.07,301.73,74,100,1.89,MV,1681499730
41,bengkulu,-3.8004,102.2655,297.98,90,97,2.16,ID,1681499476
42,the valley,18.217,-63.0578,302.07,65,20,5.66,AI,1681499730
43,coquimbo,-29.9533,-71.3436,293.0,63,0,5.66,CL,1681499323
44,ostrovnoy,68.0531,39.5131,267.43,81,57,4.91,RU,1681499484
45,mataura,-46.1927,168.8643,279.39,96,7,1.5,NZ,1681499444
46,amahai,-3.3333,128.9167,298.38,87,100,2.85,ID,1681499731
47,komsomolskiy,40.4272,71.7189,291.55,59,80,3.09,UZ,1681499733
48,chumikan,54.7183,135.315,266.88,97,100,0.6,RU,1681499733
49,port alfred,-33.5906,26.891,287.69,80,28,3.13,ZA,1681499448
50,puerto baquerizo moreno,-0.9,-89.6,302.7,79,40,5.66,EC,1681499496
51,cape town,-33.9258,18.4232,288.77,68,0,4.92,ZA,1681499396
52,dublin,37.7021,-121.9358,291.21,57,0,5.14,US,1681499732
53,khatanga,71.9667,102.5,250.54,91,100,1.31,RU,1681499450
54,kahului,20.8947,-156.47,299.16,67,20,7.2,US,1681499452
55,port blair,11.6667,92.75,300.12,77,92,2.48,IN,1681499498
56,nichlaul,27.3167,83.7333,300.92,16,100,1.5,IN,1681499734
57,bredasdorp,-34.5322,20.0403,286.7,61,4,1.16,ZA,1681499455
58,camopi,3.1655,-52.3158,299.8,93,100,1.73,GF,1681499736
59,lebu,-37.6167,-73.65,287.71,75,2,6.95,CL,1681499451
60,saint-philippe,-21.3585,55.7679,297.92,84,100,2.72,RE,1681499245
61,bluff,-46.6,168.3333,282.5,86,3,3.01,NZ,1681499447
62,rome,34.257,-85.1647,294.13,65,100,2.57,US,1681499566
63,safford,32.834,-109.7076,295.79,19,0,1.34,US,1681499491
64,nambucca heads,-30.65,153.0,286.58,85,5,2.48,AU,1681499739
65,vaini,-21.2,-175.2,299.24,83,75,5.66,TO,1681499433
66,severo-kurilsk,50.6789,156.125,273.67,98,100,6.1,RU,1681499459
67,mount isa,-20.7333,139.5,290.02,72,97,0.0,AU,1681499739
68,zhigansk,66.7697,123.3711,255.84,99,65,2.6,RU,1681499496
69,kodiak,57.79,-152.4072,274.88,55,75,4.63,US,1681499453
70,libreville,0.3925,9.4537,296.94,95,100,6.93,GA,1681499686
71,punta arenas,-53.15,-70.9167,282.16,53,20,10.8,CL,1681499420
72,quatre cocos,-20.2078,57.7625,299.21,83,100,3.0,MU,1681499454
73,salento,4.6375,-75.5703,293.0,83,100,1.18,CO,1681499740
74,esperance,-33.8667,121.9,287.38,63,98,9.84,AU,1681499448
75,kingston,17.997,-76.7936,303.28,73,62,3.13,JM,1681499525
76,katsuura,35.1333,140.3,290.35,78,100,6.19,JP,1681499443
77,tuktoyaktuk,69.4541,-133.0374,255.1,92,99,3.38,CA,1681499448
78,lerwick,60.1545,-1.1494,281.15,86,43,7.78,GB,1681499741
79,nikolskoye,59.7035,30.7861,279.09,53,100,3.35,RU,1681499452
80,castro,-24.7911,-50.0119,293.96,86,71,1.87,BR,1681499245
81,tautira,-17.7333,-149.15,299.82,63,33,2.08,PF,1681499741
82,coihaique,-45.5752,-72.0662,288.12,38,0,2.57,CL,1681499446
83,ilulissat,69.2167,-51.1,272.56,73,39,2.25,GL,1681499449
84,huarmey,-10.0681,-78.1522,300.28,72,95,6.07,PE,1681499741
85,havoysund,70.9963,24.6622,275.28,65,0,3.09,NO,1681499449
86,jamestown,42.097,-79.2353,302.33,25,0,2.68,US,1681499288
87,dalvik,65.9702,-18.5286,275.99,96,100,0.77,IS,1681499452
88,mahebourg,-20.4081,57.7,299.31,89,40,1.54,MU,1681499447
89,thinadhoo,0.5333,72.9333,301.24,73,92,3.13,MV,1681499500
90,barrow,71.2906,-156.7887,251.16,84,40,2.57,US,1681499358
91,lompoc,34.6391,-120.4579,291.31,66,20,7.6,US,1681499444
92,nurota,40.5614,65.6886,288.77,63,3,1.92,UZ,1681499742
93,kruisfontein,-34.0033,24.7314,286.8,72,11,6.06,ZA,1681499513
94,faanui,-16.4833,-151.75,300.14,73,18,3.79,PF,1681499504
95,wapi pathum,15.8452,103.3768,303.33,53,100,3.53,TH,1681499742
96,airai,-8.9266,125.4092,288.64,95,59,0.85,TL,1681499497
97,xuddur,4.1213,43.8894,301.83,41,59,5.12,SO,1681499742
98,bintulu,3.1667,113.0333,297.38,94,20,1.03,MY,1681499742
99,saldanha,-33.0117,17.9442,288.34,71,0,9.69,ZA,1681499445
100,hofn,64.2539,-15.2082,279.78,66,98,1.48,IS,1681499496
101,te anau,-45.4167,167.7167,282.15,90,5,0.59,NZ,1681499448
102,mount gambier,-37.8333,140.7667,287.34,87,100,6.59,AU,1681499447
103,butaritari,3.0707,172.7902,300.96,78,28,5.33,KI,1681499453
104,ngara,-2.5122,30.6558,287.36,96,24,1.03,TZ,1681499742
105,chernyshevskiy,63.0128,112.4714,262.06,97,19,2.45,RU,1681499742
106,belaya gora,68.5333,146.4167,255.36,99,100,1.4,RU,1681499743
107,luderitz,-26.6481,15.1594,292.81,48,0,9.5,NA,1681499520
108,mastic beach,40.7668,-72.8521,302.14,58,0,3.6,US,1681499743
109,babu,24.4167,111.5167,293.52,94,34,2.6,CN,1681499743
110,avarua,-21.2078,-159.775,297.18,83,100,1.03,CK,1681499448
111,narsaq,60.9167,-46.05,282.27,54,100,8.53,GL,1681499449
112,ulaanbaatar,47.9077,106.8832,266.22,63,0,0.0,MN,1681499528
113,isangel,-19.55,169.2667,298.69,89,100,4.86,VU,1681499512
114,jinchang,38.4953,102.1739,283.61,24,100,4.5,CN,1681499695
115,ribeira grande,38.5167,-28.7,291.37,88,75,7.6,PT,1681499488
116,shagonar,51.5333,92.8,275.81,66,100,1.28,RU,1681499744
117,provideniya,64.3833,-173.3,258.03,74,0,2.98,RU,1681499463
118,flin flon,54.7682,-101.865,282.06,40,100,2.06,CA,1681499735
119,phuthaditjhaba,-28.5242,28.8158,283.43,56,23,2.14,ZA,1681499744
120,cherskiy,68.75,161.3,255.32,86,33,4.33,RU,1681499447
121,vila velha,-20.3297,-40.2925,303.12,78,20,6.17,BR,1681499497
122,yulara,-25.2406,130.9889,291.17,83,100,6.02,AU,1681499465
123,pacific grove,36.6177,-121.9166,288.92,68,20,4.63,US,1681499465
124,saint anthony,45.0205,-93.218,301.39,34,0,10.29,US,1681499445
125,kangaatsiaq,68.3065,-53.4641,269.65,76,14,4.0,GL,1681499745
126,nome,64.5011,-165.4064,259.19,66,20,10.29,US,1681499476
127,vanimo,-2.6741,141.3028,298.49,89,100,3.02,PG,1681499513
128,ponta do sol,32.6667,-17.1,292.99,72,0,3.04,PT,1681499515
129,verkhoyansk,67.5447,133.385,255.74,100,100,0.86,RU,1681499745
130,iqaluit,63.7506,-68.5145,266.87,79,25,7.15,CA,1681499515
131,east patchogue,40.767,-72.9962,304.07,54,75,5.66,US,1681499745
132,wajid,3.8093,43.2471,302.47,41,14,6.39,SO,1681499745
133,guerrero negro,27.9769,-114.0611,290.04,51,61,6.75,MX,1681499499
134,asau,46.4333,26.4,283.86,81,100,1.26,RO,1681499504
135,kaeo,-35.1,173.7833,291.11,91,100,8.3,NZ,1681499745
136,georgetown,5.4112,100.3354,302.11,79,20,2.06,MY,1681499683
137,itoman,26.1247,127.6694,297.16,94,100,6.69,JP,1681499462
138,moville,42.4889,-96.0725,290.64,49,100,4.49,US,1681499746
139,corowa,-36.0333,146.3833,285.6,89,87,3.74,AU,1681499746
140,mar del plata,-38.0023,-57.5575,288.68,57,9,2.24,AR,1681499448
141,dikson,73.5069,80.5464,249.36,100,69,4.53,RU,1681499421
142,kristiansund,63.1115,7.732,283.51,46,0,2.57,NO,1681499746
143,yellowknife,62.456,-114.3525,271.24,68,100,5.36,CA,1681499428
144,darovskoy,58.77,47.9564,269.78,56,0,3.12,RU,1681499746
145,vilyuysk,63.7553,121.6247,260.07,98,85,1.88,RU,1681499746
146,hasaki,35.7333,140.8333,289.42,77,100,7.31,JP,1681499224
147,raga,8.4596,25.678,302.68,39,95,1.34,SS,1681499746
148,lata,40.1629,-8.3327,288.6,98,100,2.25,PT,1681499620
149,tiksi,71.6872,128.8694,257.38,99,34,2.92,RU,1681499506
150,carnarvon,-24.8667,113.6333,291.11,49,0,12.47,AU,1681499451
151,tacuarembo,-31.7333,-55.9833,295.97,28,4,3.74,UY,1681499747
152,kavaratti,10.5669,72.642,301.94,76,29,4.22,IN,1681499484
153,dingle,10.9995,122.6711,298.1,84,8,0.55,PH,1681499456
154,jizan,17.3333,42.6667,303.67,57,0,1.67,SA,1681499747
155,borba,-4.3878,-59.5939,301.85,80,100,1.36,BR,1681499747
156,avallon,47.4833,3.9,280.37,95,100,4.17,FR,1681499747
157,petropavlovsk-kamchatskiy,53.0452,158.6483,268.48,100,75,0.0,RU,1681499747
158,kurtamysh,54.9103,64.4319,268.08,38,100,8.14,RU,1681499747
159,bhakkar,31.6253,71.0657,303.31,16,8,2.85,PK,1681499747
160,buala,-8.145,159.5921,299.55,86,93,5.81,SB,1681499748
161,codrington,-38.2667,141.9667,292.73,50,100,10.44,AU,1681499453
162,bethel,41.3712,-73.414,306.88,28,0,5.14,US,1681499445
163,victor harbor,-35.5667,138.6167,289.08,85,100,7.04,AU,1681499748
164,panama city,8.9936,-79.5197,308.24,43,20,10.29,PA,1681499673
165,zaragoza,41.6561,-0.8773,290.4,58,75,7.72,ES,1681499516
166,sitka,57.0531,-135.33,280.09,57,40,6.17,US,1681499483
167,port-cartier,50.0334,-66.8654,279.34,61,99,4.76,CA,1681499443
168,chokurdakh,70.6333,147.9167,258.04,97,100,0.92,RU,1681499451
169,thunder bay,48.4001,-89.3168,279.1,97,100,2.55,CA,1681499587
170,rock sound,24.9,-76.2,297.82,85,39,5.13,BS,1681499748
171,el tigre,8.8875,-64.2454,308.69,26,82,3.62,VE,1681499748
172,naryan-mar,67.6713,53.087,272.21,93,100,5.92,RU,1681499749
173,bereda,43.2686,-7.5406,286.01,79,29,2.21,ES,1681499457
174,qianan,44.9932,124.0581,277.59,38,2,4.87,CN,1681499749
175,deputatskiy,69.3,139.9,259.16,94,100,0.37,RU,1681499474
176,san patricio,28.017,-97.5169,302.13,70,99,6.82,US,1681499494
177,lamesa,32.7376,-101.951,300.11,10,0,9.28,US,1681499749
178,wewak,-3.5534,143.6268,298.8,89,100,2.86,PG,1681499749
179,port lincoln,-34.7333,135.8667,289.08,69,80,7.18,AU,1681499510
180,saskylakh,71.9167,114.0833,266.91,94,75,5.91,RU,1681499453
181,kiruna,67.8557,20.2251,272.66,40,0,2.57,SE,1681499749
182,palmer,42.1584,-72.3287,307.8,24,75,2.57,US,1681499304
183,sayyan,15.1718,44.3244,291.16,47,3,6.35,YE,1681499749
184,geraldton,-28.7667,114.6,288.38,58,100,3.09,AU,1681499749
185,qaanaaq,77.484,-69.3632,263.37,78,25,1.53,GL,1681499447
186,mumford,5.2618,-0.759,301.15,81,100,6.15,GH,1681499750
187,opunake,-39.4556,173.8583,286.95,82,10,4.88,NZ,1681499750
188,okhotsk,59.3833,143.3,263.77,87,100,1.15,RU,1681499750
189,los llanos de aridane,28.6585,-17.9182,291.55,82,75,5.14,ES,1681499750
190,gizo,-8.103,156.8419,300.84,80,100,8.49,SB,1681499750
191,westport,41.1415,-73.3579,307.38,28,0,4.12,US,1681499517
192,mufulira,-12.5498,28.2407,290.33,97,97,1.82,ZM,1681499750
193,cabo san lucas,22.8909,-109.9124,300.16,56,75,5.66,MX,1681499218
194,chara,56.9064,118.2631,263.35,87,94,0.34,RU,1681499751
195,goderich,43.7501,-81.7165,297.33,33,1,3.6,CA,1681499574
196,yar-sale,66.8333,70.8333,262.61,97,100,0.54,RU,1681499751
197,vila franca do campo,37.7167,-25.4333,290.38,76,92,4.46,PT,1681499497
198,meulaboh,4.1363,96.1285,298.17,89,87,1.19,ID,1681499507
199,marsa matruh,31.3525,27.2453,292.15,69,95,6.08,EG,1681499751
200,ozinki,51.1786,49.6769,273.82,93,100,11.43,RU,1681499751
201,hay river,60.8156,-115.7999,275.35,80,100,4.02,CA,1681499513
202,tafresh,34.692,50.013,279.87,55,0,4.47,IR,1681499751
203,zhangjiakou,40.81,114.8794,278.07,20,65,2.51,CN,1681499751
204,neyshabur,36.2133,58.7958,289.03,18,1,1.48,IR,1681499751
205,pimentel,-6.8367,-79.9342,305.31,48,0,6.69,PE,1681499751
206,verkh-usugli,52.7,115.1667,266.67,75,52,0.84,RU,1681499751
207,ambilobe,-13.2,49.05,296.43,95,0,1.68,MG,1681499752
208,sao joao do piaui,-8.3581,-42.2467,309.2,29,71,1.84,BR,1681499752
209,stromness,58.965,-3.296,280.13,80,59,2.0,GB,1681499752
210,omboue,-1.5746,9.2618,299.5,87,44,2.05,GA,1681499752
211,alofi,-19.0595,-169.9187,299.23,77,84,9.21,NU,1681499503
212,samarai,-10.6167,150.6667,299.57,76,100,5.24,PG,1681499752
213,nara,34.6851,135.8049,287.31,88,100,1.69,JP,1681499752
214,upernavik,72.7868,-56.1549,265.0,90,100,4.6,GL,1681499444
215,dickinson,29.4608,-95.0513,299.29,77,100,6.17,US,1681499730
216,santa rosa,14.3122,121.1114,299.32,95,50,0.04,PH,1681499753
217,kavieng,-2.5744,150.7967,300.47,81,97,4.17,PG,1681499461
218,escarcega,18.6089,-90.7454,312.37,21,0,2.43,MX,1681499753
219,baykit,61.67,96.37,254.09,99,100,1.75,RU,1681499486
220,wagar,16.1525,36.2032,303.16,36,0,6.01,SD,1681499753
221,flinders,-34.5833,150.8552,286.07,90,6,0.89,AU,1681499491
222,hanmer springs,-42.5167,172.8167,278.9,93,1,0.89,NZ,1681499753
223,manama,26.2154,50.5832,297.0,57,0,6.17,BH,1681499753
224,bambous virieux,-20.3428,57.7575,299.29,89,40,1.54,MU,1681499505
225,champerico,14.3,-91.9167,309.45,58,0,5.35,GT,1681499753
226,nicoya,10.1483,-85.452,306.76,45,94,3.49,CR,1681499753
227,tagusao,9.1924,117.8141,299.17,81,12,1.2,PH,1681499753
228,saint george,37.1041,-113.5841,290.9,22,0,4.47,US,1681499445
229,kamina,-8.7386,24.9906,292.24,93,100,1.05,CD,1681499753
230,kiunga,-6.1219,141.2906,295.99,100,100,0.86,PG,1681499754
231,ouadda,8.0777,22.4007,299.57,48,86,1.5,CF,1681499754
232,erenhot,43.6475,111.9767,273.32,40,6,0.41,CN,1681499754
233,berlevag,70.8578,29.0864,272.12,59,0,6.17,NO,1681499478
234,mwinilunga,-11.7358,24.4293,290.39,95,89,1.95,ZM,1681499754
235,kidal,18.4411,1.4078,306.54,9,84,5.36,ML,1681499754
236,vostok,46.4856,135.8833,267.77,85,11,1.65,RU,1681499754
237,raudeberg,61.9875,5.1352,280.52,75,100,2.76,NO,1681499754
238,norman wells,65.282,-126.8329,265.92,85,100,2.45,CA,1681499446
239,zhangye,38.9342,100.4517,283.36,24,100,1.15,CN,1681499457
240,nadym,65.5333,72.5167,262.44,96,100,2.48,RU,1681499563
241,banda aceh,5.5577,95.3222,299.72,84,30,1.03,ID,1681499755
242,fomboni,-12.28,43.7425,301.56,67,4,2.58,KM,1681499755
243,gimli,50.6336,-96.9907,274.2,96,100,5.87,CA,1681499475
244,lagoa,39.05,-27.9833,289.8,84,0,6.93,PT,1681499485
245,beringovskiy,63.05,179.3167,254.74,96,54,2.61,RU,1681499755
246,karachi,24.9056,67.0822,299.05,78,5,2.57,PK,1681499525
247,souillac,-20.5167,57.5167,299.36,89,40,1.54,MU,1681499477
248,fayaoue,-20.65,166.5333,297.64,87,100,10.31,NC,1681499755
249,warwick,41.7001,-71.4162,308.44,30,40,6.69,US,1681499755
250,oussouye,12.485,-16.5469,308.25,55,10,5.1,SN,1681499755
251,narodychi,51.2029,29.0823,280.39,90,100,5.04,UA,1681499755
252,polyarnyy,69.1989,33.4478,269.02,82,12,4.39,RU,1681499755
253,kisangani,0.5167,25.2,295.3,97,86,0.96,CD,1681499756
254,xingyi,24.1877,102.817,287.65,69,0,2.4,CN,1681499756
255,cidreira,-30.1811,-50.2056,292.35,74,100,5.02,BR,1681499442
256,paamiut,61.994,-49.6678,276.01,74,19,3.13,GL,1681499505
257,birin,26.8865,88.0718,291.5,29,100,2.75,NP,1681499756
258,iskateley,67.6803,53.1512,272.17,93,100,5.87,RU,1681499756
259,ahuimanu,21.4447,-157.8378,299.99,73,75,5.14,US,1681499756
260,port hawkesbury,45.6169,-61.3485,280.32,57,0,9.39,CA,1681499756
261,shingu,33.7333,135.9833,284.93,94,100,4.72,JP,1681499757
262,tarakan,3.3,117.6333,299.44,81,71,0.68,ID,1681499757
263,sisophon,13.5859,102.9737,301.59,65,100,2.19,KH,1681499757
264,villeneuve-les-avignon,43.9684,4.7963,285.59,92,100,3.09,FR,1681499757
265,sambava,-14.2667,50.1667,298.08,87,60,3.05,MG,1681499757
266,marzuq,14.4,46.4667,297.39,62,0,3.95,YE,1681499508
267,faya,18.3851,42.4509,288.44,55,0,3.31,SA,1681499758
268,susehri,40.1644,38.0867,282.92,63,29,1.41,TR,1681499758
269,chuy,-33.6971,-53.4616,289.92,53,5,5.4,UY,1681499460
270,trat,12.5,102.5,299.12,90,9,1.08,TH,1681499758
271,benguela,-12.5763,13.4055,300.09,83,57,3.73,AO,1681499758
272,fairbanks,64.8378,-147.7164,269.72,59,75,3.09,US,1681499454
273,qasigiannguit,68.8193,-51.1922,273.29,79,41,1.26,GL,1681499758
274,bambanglipuro,-7.95,110.2833,297.61,84,92,1.39,ID,1681499759
275,sosnovoborsk,56.1325,93.3589,264.45,93,52,3.27,RU,1681499759
276,abu samrah,35.3029,37.1841,287.17,64,3,2.96,SY,1681499759
277,cockburn town,21.4612,-71.1419,300.13,69,75,5.14,TC,1681499421
278,cayenne,4.9333,-52.3333,301.17,78,75,6.17,GF,1681499264
279,la ronge,55.1001,-105.2842,276.15,85,100,0.51,CA,1681499515
280,caramay,10.1815,119.236,298.07,86,9,1.12,PH,1681499759
281,rurrenabaque,-14.4413,-67.5278,305.09,66,40,3.09,BO,1681499759
282,aquiraz,-3.9014,-38.3911,302.2,78,81,3.7,BR,1681499450
283,novopokrovka,49.8425,36.5477,277.15,96,100,5.89,UA,1681499719
284,sao sebastiao,-23.76,-45.4097,296.73,94,100,0.86,BR,1681499689
285,kyabe,9.4515,18.9449,306.82,27,24,1.65,TD,1681499759
286,elk city,35.412,-99.4043,300.27,34,20,8.23,US,1681499665
287,bandar-e lengeh,26.5579,54.8807,299.54,61,100,4.95,IR,1681499759
288,port hedland,-20.3167,118.5667,297.18,64,40,4.63,AU,1681499453
289,minot,48.2325,-101.2963,278.27,75,100,9.26,US,1681499760
290,korla,41.7597,86.1469,288.95,25,100,1.79,CN,1681499760
291,farah,32.5,62.5,299.73,19,100,0.27,AF,1681499760
292,matamoros,25.5333,-103.25,301.21,15,100,3.6,MX,1681499459
293,hami,42.8,93.45,287.75,22,98,1.87,CN,1681499442
294,karratha,-20.7377,116.8463,298.06,38,91,7.31,AU,1681499760
295,chamba,32.5667,76.1333,292.04,46,2,4.65,IN,1681499760
296,bukachacha,52.9833,116.9167,267.74,79,100,1.47,RU,1681499760
297,torbay,47.6666,-52.7314,276.14,86,100,10.8,CA,1681499471
298,taltal,-25.4,-70.4833,294.52,68,17,4.49,CL,1681499492
299,winona,43.9666,-91.7668,300.04,28,0,6.69,US,1681499760
300,kampene,-3.6,26.6667,293.23,98,83,0.67,CD,1681499453
301,esfahan,32.6572,51.6776,283.95,23,0,3.4,IR,1681499764
302,itarema,-2.9248,-39.9167,301.4,78,65,5.15,BR,1681499465
303,hobyo,5.3505,48.5268,302.33,72,22,6.17,SO,1681499502
304,rocha,-34.4833,-54.3333,289.4,51,11,5.07,UY,1681499765
305,touros,-5.1989,-35.4608,301.23,73,34,5.99,BR,1681499509
306,kommunar,59.6206,30.39,277.9,50,100,3.81,RU,1681499765
307,houma,29.5958,-90.7195,300.94,61,61,4.02,US,1681499659
308,ambon,-3.6954,128.1814,298.23,88,40,1.54,ID,1681499765
309,esneux,50.536,5.5678,284.63,43,0,1.03,BE,1681499765
310,kunya,12.2233,8.5325,303.24,26,16,3.09,NG,1681499765
311,avera,33.194,-82.5271,295.88,51,87,5.6,US,1681499460
312,hukuntsi,-24.0,21.75,294.47,25,1,4.42,BW,1681499765
313,yucca valley,34.1142,-116.4322,292.11,26,0,4.92,US,1681499766
314,pisco,-13.7,-76.2167,300.94,61,0,8.23,PE,1681499445
315,gafanha da encarnacao,40.6181,-8.733,289.69,93,100,5.65,PT,1681499766
316,tirlyanskiy,54.2109,58.5806,265.9,49,100,6.67,RU,1681499766
317,kuhdasht,33.535,47.6061,281.67,66,2,0.42,IR,1681499766
318,lavrentiya,65.5833,-171.0,255.22,84,14,4.31,RU,1681499456
319,portland,45.5234,-122.6762,287.75,60,20,2.24,US,1681499580
320,zhanaozen,43.3,52.8,283.72,63,61,4.6,KZ,1681499766
321,springbok,-29.6643,17.8865,288.9,32,0,4.97,ZA,1681499766
322,rio de janeiro,-22.9028,-43.2075,300.15,81,75,9.26,BR,1681499736
323,dukat,62.55,155.55,253.58,97,80,1.0,RU,1681499766
324,aitape,-3.1374,142.3475,298.64,90,94,2.66,PG,1681499767
325,balsas,-7.5325,-46.0356,302.97,60,100,0.77,BR,1681499767
326,mocuba,-16.8392,36.9856,295.22,95,23,1.4,MZ,1681499767
327,apricena,41.7839,15.4437,285.2,83,43,1.04,IT,1681499767
328,sangar,63.9242,127.4739,254.52,96,40,0.93,RU,1681499501
329,kytmanovo,53.4593,85.4479,268.39,90,100,5.76,RU,1681499767
330,jalu,29.0331,21.5482,297.01,10,1,3.27,LY,1681499518
331,reitz,-27.8014,28.4273,285.31,31,100,3.51,ZA,1681499768
332,bull savanna,17.8868,-77.5902,300.19,72,45,6.66,JM,1681499768
333,brandon,27.9378,-82.2859,305.41,56,40,6.17,US,1681499768
334,khudumelapye,-23.8833,24.75,294.72,23,0,4.14,BW,1681499479
335,chupa,66.27,33.0549,268.49,93,6,1.46,RU,1681499768
336,malanje,-9.5402,16.341,292.44,91,63,1.67,AO,1681499768
337,port moresby,-9.4431,147.1797,296.84,89,100,1.52,PG,1681499768
338,shenjiamen,29.9576,122.298,287.89,98,100,4.19,CN,1681499768
339,hambantota,6.1241,81.1185,298.34,100,20,1.03,LK,1681499454
340,pundaguitan,6.3711,126.1689,300.53,79,7,1.25,PH,1681499516
341,bria,6.5423,21.9863,297.52,69,10,0.91,CF,1681499769
342,adrar,20.5022,-10.0711,304.57,16,0,4.18,MR,1681499666
343,zabid,14.1951,43.3152,303.02,63,6,0.55,YE,1681499769
344,shimoda,34.6667,138.95,285.99,83,100,4.8,JP,1681499481
345,bara,10.3744,10.7288,304.76,14,100,2.28,NG,1681499662
346,ziro,27.6333,93.8333,285.22,80,64,0.84,IN,1681499770
347,evensk,61.95,159.2333,262.92,61,100,7.03,RU,1681499774
348,luganville,-15.5333,167.1667,297.96,92,100,3.97,VU,1681499508
349,perth,-31.9333,115.8333,285.25,93,0,2.57,AU,1681499637
350,innisfail,-17.5333,146.0333,294.92,74,100,2.21,AU,1681499480
351,nokaneng,-19.6667,22.2667,299.14,28,19,1.98,BW,1681499775
352,kismayo,-0.3582,42.5454,300.9,74,94,4.8,SO,1681499775
353,husavik,66.0449,-17.3389,275.4,99,100,1.53,IS,1681499466
354,bojnurd,37.4747,57.329,280.12,81,0,2.06,IR,1681499775
355,kivsharivka,49.6213,37.7036,276.98,96,100,5.9,UA,1681499775
356,djibo,14.1022,-1.6306,307.23,11,100,1.34,BF,1681499775
357,padang,-0.9492,100.3543,298.84,88,97,1.18,ID,1681499226
358,goba,7.0167,39.9833,282.56,91,96,1.59,ET,1681499775
359,oranjemund,-28.55,16.4333,288.2,77,0,9.76,NA,1681499776
360,wanning,18.8003,110.3967,297.77,96,66,1.57,CN,1681499513
361,jalandhar,31.3256,75.5792,298.68,51,0,1.4,IN,1681499776
362,ternate,0.8,127.4,300.0,79,94,2.13,ID,1681499776
363,pueblo nuevo,23.3833,-105.3833,294.98,14,97,4.16,MX,1681499776
364,soe,-9.8607,124.284,291.75,94,99,1.59,ID,1681499776
365,udachnyy,66.4167,112.4,270.07,45,100,11.08,RU,1681499455
366,grand gaube,-20.0064,57.6608,299.37,82,100,0.45,MU,1681499498
367,klaksvik,62.2266,-6.589,279.66,83,100,6.33,FO,1681499723
368,nesbyen,60.5681,9.1027,277.24,96,100,1.53,NO,1681499776
369,maceio,-9.6658,-35.7353,302.84,61,20,4.63,BR,1681499511
370,ridgecrest,35.6225,-117.6709,292.07,27,0,3.09,US,1681499563
371,moron,-34.6534,-58.6198,294.26,46,8,2.0,AR,1681499776
372,tuatapere,-46.1333,167.6833,283.11,87,0,1.83,NZ,1681499459
373,concarneau,47.875,-3.9225,284.31,83,38,8.81,FR,1681499777
374,vammala,61.3333,22.9,276.54,79,18,4.14,FI,1681499777
375,athmallik,20.7219,84.5348,304.29,28,99,1.42,IN,1681499777
376,leningradskiy,69.3833,178.4167,250.51,92,20,2.32,RU,1681499463
377,comodoro rivadavia,-45.8667,-67.5,287.07,41,0,1.54,AR,1681499777
378,vaitape,-16.5167,-151.75,300.16,73,22,3.82,PF,1681499462
379,bathsheba,13.2167,-59.5167,302.49,61,40,8.23,BB,1681499481
380,puerto narino,-3.7703,-70.3831,303.59,67,100,1.04,CO,1681499778
381,sao miguel do araguaia,-13.275,-50.1628,304.05,57,58,2.09,BR,1681499778
382,ornskoldsvik,63.2909,18.7153,275.68,55,45,2.06,SE,1681499511
383,pangnirtung,66.1451,-65.7125,267.26,88,54,1.56,CA,1681499448
384,upata,8.0086,-62.3989,306.45,33,97,2.35,VE,1681499778
385,petropavl,54.8753,69.1628,267.81,47,100,7.58,KZ,1681499778
386,hadishahr,38.8431,45.6635,281.42,49,11,1.86,AZ,1681499778
387,lorengau,-2.0226,147.2712,300.72,81,93,4.77,PG,1681499500
388,kang,-23.6752,22.7876,294.31,20,0,3.7,BW,1681499778
389,yaan,7.3833,8.5667,307.25,31,60,2.28,NG,1681499778
390,gurupa,-1.405,-51.64,303.06,67,97,1.0,BR,1681499778
391,malakal,9.5334,31.6605,307.3,18,48,2.09,SS,1681499778
392,iracoubo,5.4802,-53.2011,301.04,74,100,4.97,GF,1681499779
393,vuktyl,63.8567,57.3094,263.73,97,78,1.82,RU,1681499779
394,hjelset,62.7833,7.4833,283.03,50,75,1.03,NO,1681499779
395,bandarbeyla,9.4942,50.8122,301.56,79,28,5.73,SO,1681499466
396,yima,34.7381,111.8839,285.36,60,0,2.9,CN,1681499779
397,dicabisagan,17.0818,122.4157,298.4,84,99,2.45,PH,1681499779
398,do gonbadan,30.3586,50.7981,287.2,47,0,0.0,IR,1681499779
399,urengoy,65.9667,78.3667,247.99,100,100,2.45,RU,1681499779
400,mugur-aksy,50.35,90.5,270.52,64,100,2.87,RU,1681499779
401,kozhva,65.1073,57.0459,266.37,95,100,2.94,RU,1681499779
402,batagay-alyta,67.8006,130.4114,251.63,84,2,3.04,RU,1681499780
403,bilibino,68.0546,166.4372,249.75,98,63,1.57,RU,1681499454
404,praia,14.9215,-23.5087,299.45,69,40,7.2,CV,1681499780
405,la rioja,42.25,-2.5,283.03,95,100,1.98,ES,1681499780
406,clyde river,70.4692,-68.5914,261.24,82,44,1.9,CA,1681499504
407,fortuna,40.5982,-124.1573,287.0,69,76,1.79,US,1681499497
408,arlit,18.7369,7.3853,304.15,10,100,1.28,NE,1681499464
409,asfi,32.2994,-9.2372,291.32,62,2,10.62,MA,1681499780
410,vestmannaeyjar,63.4427,-20.2734,279.98,69,14,5.25,IS,1681499355
411,wardenburg,53.0667,8.2,284.11,87,43,3.66,DE,1681499780
412,prince albert,53.2001,-105.7677,278.43,78,100,1.9,CA,1681499647
413,pereira barreto,-20.6383,-51.1092,301.33,62,100,1.78,BR,1681499781
414,tezu,27.9167,96.1667,297.16,46,22,1.92,IN,1681499496
415,manali,13.1667,80.2667,302.63,87,100,3.55,IN,1681499781
416,east rockaway,40.6421,-73.6696,307.16,46,75,4.12,US,1681499781
417,sopelana,43.3789,-2.9831,288.92,66,75,8.75,ES,1681499781
418,khasan,42.4308,130.6434,278.49,62,100,1.62,RU,1681499781
419,paita,-5.0892,-81.1144,302.07,68,100,5.34,PE,1681499782
420,el ocotito,17.25,-99.5667,308.38,16,1,3.15,MX,1681499782
421,kargasok,59.0556,80.8572,257.77,94,62,3.46,RU,1681499782
422,alta floresta,-9.8756,-56.0861,297.65,95,100,2.26,BR,1681499451
423,cabedelo,-6.9811,-34.8339,302.52,76,100,5.49,BR,1681499510
424,bonavista,48.6499,-53.1147,272.94,96,99,9.04,CA,1681499442
425,victoria,22.2855,114.1577,298.36,88,71,0.89,HK,1681499164
426,awjilah,29.1081,21.2869,296.87,11,0,3.08,LY,1681499782
427,taoudenni,22.6783,-3.9836,305.42,6,0,4.13,ML,1681499782
428,anisoc,1.8658,10.7689,293.28,98,100,0.3,GQ,1681499782
429,katherine,-14.4667,132.2667,298.33,94,100,2.57,AU,1681499498
430,zaozerne,45.1582,33.2787,283.62,84,100,3.26,UA,1681499782
431,morgan city,29.6994,-91.2068,300.94,45,21,3.76,US,1681499783
432,conceicao da barra,-18.5933,-39.7322,301.4,73,16,5.32,BR,1681499783
433,vallenar,-28.5708,-70.7581,300.19,22,0,4.44,CL,1681499444
434,linqing,36.8456,115.7117,284.85,32,3,2.66,CN,1681499783
435,mangan,27.5167,88.5333,293.73,46,82,3.08,IN,1681499783
436,manzil salim,35.8567,8.4765,285.59,44,100,2.14,TN,1681499783
437,ponta delgada,37.7333,-25.6667,291.55,77,75,4.12,PT,1681499783
438,barcelos,41.5388,-8.6151,288.23,86,81,2.64,PT,1681499514
439,kamyaran,34.7956,46.9355,278.27,83,4,1.67,IR,1681499783
440,enumclaw,47.2043,-121.9915,285.22,61,60,0.89,US,1681499783
441,saint-raymond,45.467,-73.6095,293.78,28,20,6.17,CA,1681499783
442,longyearbyen,78.2186,15.6401,273.06,86,20,1.03,SJ,1681499455
443,banyo,6.75,11.8167,296.46,65,74,3.33,CM,1681499783
444,bozhou,33.8772,115.7703,285.66,70,0,0.42,CN,1681499784
445,ahipara,-35.1667,173.1667,291.1,79,100,7.27,NZ,1681499455
446,nevers,46.9167,3.3333,280.57,99,100,1.54,FR,1681499784
447,tiznit,29.5833,-9.5,294.25,55,0,1.81,MA,1681499784
448,sorland,67.667,12.6934,279.07,72,94,7.82,NO,1681499626
449,bulawayo,-20.15,28.5833,293.57,34,0,3.13,ZW,1681499784
450,seymchan,62.8833,152.4333,251.74,100,96,0.35,RU,1681499451
451,inverell,-29.7833,151.1167,280.99,94,58,1.51,AU,1681499784
452,kaabong,3.4836,34.1492,294.08,66,13,6.23,UG,1681499784
453,ancud,-41.8697,-73.8203,286.73,61,0,2.56,CL,1681499477
454,umm lajj,25.0213,37.2685,298.01,59,99,5.66,SA,1681499447
455,kudat,6.8837,116.8477,299.11,94,40,1.03,MY,1681499784
456,lewiston,44.1003,-70.2148,301.34,22,0,4.63,US,1681499785
457,kirakira,-10.4544,161.9205,299.56,87,100,5.31,SB,1681499519
458,dayong,25.0209,118.2898,297.29,83,100,1.04,CN,1681499785
459,zapolyarnyy,69.4154,30.8136,273.75,83,6,5.01,RU,1681499785
460,skjervoy,70.0311,20.9714,276.15,59,0,4.65,NO,1681499785
461,kungurtug,50.5994,97.5228,267.49,82,100,1.44,RU,1681499785
462,vorobyevka,50.6451,40.9245,275.96,81,100,6.07,RU,1681499785
463,aklavik,68.2191,-135.0107,257.15,66,75,5.66,CA,1681499459
464,porto novo,6.4965,2.6036,301.5,76,100,2.42,BJ,1681499479
465,hamilton,39.1834,-84.5333,299.13,50,40,1.79,US,1681499220
466,oksfjord,70.2396,22.3479,277.25,55,0,3.01,NO,1681499517
467,launceston,-41.45,147.1667,284.45,91,100,1.03,AU,1681499775
468,gambela,8.25,34.5833,301.73,52,35,1.0,ET,1681499786
469,aksarka,66.5606,67.7975,267.34,86,100,6.75,RU,1681499786
470,riyadh,24.6877,46.7219,295.23,24,100,4.78,SA,1681499774
471,ayorou,14.7308,0.9174,307.54,14,95,1.72,NE,1681499786
472,solnechnyy,50.7214,136.6319,268.4,74,100,1.91,RU,1681499500
473,svetlogorsk,52.6333,29.7333,281.64,73,92,3.86,BY,1681499517
474,virginia beach,36.8529,-75.978,295.39,88,100,5.14,US,1681499648
475,nerchinskiy zavod,51.3088,119.61,272.43,79,100,1.16,RU,1681499786
476,lamar,33.6668,-95.5836,300.73,52,0,7.2,US,1681499787
477,north myrtle beach,33.816,-78.68,301.09,79,0,4.63,US,1681499787
478,plettenberg bay,-34.0527,23.3716,286.67,73,3,3.11,ZA,1681499787
479,atar,20.5169,-13.0499,308.1,21,5,3.87,MR,1681499448
480,griffith,41.5284,-87.4237,303.21,32,0,2.57,US,1681499787
481,frutal,-20.0247,-48.9406,300.02,72,50,2.59,BR,1681499787
482,breytovo,58.2993,37.8617,272.5,57,37,4.82,RU,1681499787
483,betanzos,43.2804,-8.2147,288.77,79,40,3.09,ES,1681499787
484,dunedin,-45.8742,170.5036,285.26,89,12,2.68,NZ,1681499493
485,eureka,40.8021,-124.1637,289.08,70,81,1.34,US,1681499452
486,bismarck,46.8083,-100.7837,278.06,75,100,9.26,US,1681499787
487,guymon,36.6828,-101.4816,301.15,10,0,7.72,US,1681499788
488,half moon bay,37.4636,-122.4286,291.51,63,40,6.69,US,1681499457
489,motala,58.5371,15.0365,278.0,92,100,5.23,SE,1681499788
490,roseville,38.7521,-121.288,293.86,46,0,1.34,US,1681499750
491,bongandanga,1.5,21.05,295.13,95,100,1.02,CD,1681499518
492,shemonaikha,50.6328,81.9056,278.24,87,100,3.43,KZ,1681499788
493,gympie,-26.1898,152.665,287.31,96,0,1.19,AU,1681499788
494,tyup,42.7276,78.3648,284.24,40,100,0.62,KG,1681499789
495,puerto parra,6.6515,-74.0573,306.24,69,100,0.41,CO,1681499789
496,kushima,31.4583,131.2333,290.5,98,100,1.38,JP,1681499789
497,clayton,33.5335,-84.3666,294.2,86,75,3.09,US,1681499793
498,bahia blanca,-38.7196,-62.2724,292.49,24,100,3.58,AR,1681499625
499,porto velho,-8.7619,-63.9039,305.18,58,40,2.06,BR,1681499606
500,bosaso,11.2842,49.1816,301.69,75,15,1.61,SO,1681499509
501,marawi,7.9986,124.2928,294.02,93,14,0.55,PH,1681499410
502,joshimath,30.5667,79.5667,286.57,46,14,3.39,IN,1681499793
503,wejherowo,54.6057,18.2356,285.06,81,87,1.79,PL,1681499793
504,mitsamiouli,-11.3847,43.2844,300.62,73,6,3.49,KM,1681499793
505,merauke,-8.4667,140.3333,297.9,90,66,2.11,ID,1681499729
506,kyren,51.6828,102.1408,270.91,60,9,1.94,RU,1681499793
507,sao felix do xingu,-6.6447,-51.995,303.23,66,30,1.55,BR,1681499247
508,baruun-urt,46.6806,113.2792,272.55,52,100,2.9,MN,1681499794
509,mehamn,71.0357,27.8492,272.1,69,0,2.57,NO,1681499496
510,vestmanna,62.1564,-7.1664,278.66,93,100,5.14,FO,1681499794
511,bud,39.447,-86.1758,300.12,58,21,2.15,US,1681499457
512,broome,42.2506,-75.833,303.45,26,0,0.89,US,1681499794
513,khanpur,28.6453,70.6567,305.22,13,0,4.04,PK,1681499794
514,otukpo,7.1913,8.1329,305.53,38,98,2.19,NG,1681499794
515,gariaband,20.635,82.0614,302.76,26,93,1.63,IN,1681499794
516,yatou,37.15,122.3833,283.37,85,95,1.86,CN,1681499794
517,gwadar,25.1216,62.3254,300.11,78,18,4.7,PK,1681499795
518,pointe michel,15.25,-61.3833,301.67,51,20,3.6,DM,1681499795
519,buchanan,5.8808,-10.0467,300.76,81,100,3.63,LR,1681499795
520,ballina,-28.8667,153.5667,288.58,91,12,3.34,AU,1681499795
521,ust-tarka,55.5672,75.705,267.04,66,100,6.18,RU,1681499795
522,jieshi,22.8134,115.8257,296.33,88,1,3.92,CN,1681499795
523,zhigalovo,54.8097,105.1578,267.68,92,13,1.71,RU,1681499795
524,havre-saint-pierre,50.2334,-63.5986,278.76,49,100,6.11,CA,1681499520
525,ajdabiya,30.7554,20.2263,292.24,71,0,5.27,LY,1681499796
526,sioux lookout,50.1001,-91.917,278.19,75,100,5.14,CA,1681499736
527,teahupoo,-17.8333,-149.2667,299.13,63,36,2.06,PF,1681499796
528,spring valley,36.108,-115.245,294.23,16,20,3.6,US,1681499796
529,honiara,-9.4333,159.95,297.87,94,100,0.39,SB,1681499796
530,christiana,-27.914,25.1611,289.0,26,74,4.13,ZA,1681499796
531,jeremie,18.65,-74.1167,300.08,76,48,1.42,HT,1681499797
532,anadyr,64.75,177.4833,249.43,76,0,4.0,RU,1681499449
533,ketchikan,55.3422,-131.6461,279.41,70,100,7.2,US,1681499202
534,pangody,65.85,74.4859,257.16,99,100,0.78,RU,1681499797
535,arcachon,44.5875,-1.0519,286.33,82,100,7.72,FR,1681499797
536,bosobolo,4.1833,19.9,293.9,97,100,0.14,CD,1681499797
537,moerai,-22.4333,-151.3333,297.49,64,2,3.87,PF,1681499503
538,kudahuvadhoo,2.6708,72.8944,301.46,73,100,1.06,MV,1681499797
539,trinidad,-14.8333,-64.9,300.66,85,100,2.16,BO,1681499506
540,hornepayne,49.2138,-84.7705,285.78,71,86,3.6,CA,1681499797
541,labuhan,-6.8844,112.2051,298.11,86,99,4.25,ID,1681499516
542,shakawe,-18.3667,21.85,295.85,35,7,1.95,BW,1681499797
543,cap malheureux,-19.9842,57.6142,298.97,82,100,0.45,MU,1681499455
544,salinopolis,-0.6136,-47.3561,301.74,74,47,3.9,BR,1681499798
545,margate,51.3813,1.3862,281.87,83,100,1.34,GB,1681499798
546,kangaba,11.9333,-8.4167,308.19,12,44,2.22,ML,1681499798
547,abu zabad,12.35,29.25,303.96,12,61,3.44,SD,1681499798
548,storsteinnes,69.2408,19.2344,277.8,76,0,3.16,NO,1681499798
549,grindavik,63.8424,-22.4338,281.41,66,0,5.14,IS,1681499452
550,opuwo,-18.0607,13.84,300.55,30,100,1.86,NA,1681499458
551,san ramon,37.7799,-121.978,290.79,57,0,5.14,US,1681499559
552,boa vista,2.8197,-60.6733,306.14,46,75,4.63,BR,1681499798
553,mayo,38.8876,-76.5119,302.38,52,0,6.69,US,1681499507
554,ngong,-1.3618,36.6566,289.69,86,66,5.13,KE,1681499799
555,saint-augustin,51.226,-58.6502,279.69,49,100,10.31,CA,1681499373
556,mawlaik,23.6333,94.4167,297.97,26,56,0.76,MM,1681499799
557,talnakh,69.4865,88.3972,249.16,98,100,2.97,RU,1681499512
558,rongcheng,30.634,117.8517,291.22,89,99,1.18,CN,1681499799
